<?xml version="1.0" encoding="ISO-8859-1"?>
<Vehicle menyoo_ver="1.5.0">
	<ModelHash>0x586765fb</ModelHash>
	<InitialHandle>11524</InitialHandle>
	<VehicleProperties>
		<Colours>
			<Primary>39</Primary>
			<Secondary>10</Secondary>
			<Pearl>23</Pearl>
			<Rim>0</Rim>
			<Mod1_a>7</Mod1_a>
			<Mod1_b>-1</Mod1_b>
			<Mod1_c>-1</Mod1_c>
			<Mod2_a>7</Mod2_a>
			<Mod2_b>-1</Mod2_b>
			<IsPrimaryColourCustom>false</IsPrimaryColourCustom>
			<IsSecondaryColourCustom>false</IsSecondaryColourCustom>
			<tyreSmoke_R>255</tyreSmoke_R>
			<tyreSmoke_G>255</tyreSmoke_G>
			<tyreSmoke_B>255</tyreSmoke_B>
			<LrInterior>19</LrInterior>
			<LrDashboard>156</LrDashboard>
			<LrXenonHeadlights>255</LrXenonHeadlights>
		</Colours>
		<Livery>-1</Livery>
		<NumberPlateText>OHW503C6</NumberPlateText>
		<NumberPlateIndex>0</NumberPlateIndex>
		<WheelType>1</WheelType>
		<WheelsInvisible>false</WheelsInvisible>
		<EngineSoundName></EngineSoundName>
		<WindowTint>-1</WindowTint>
		<BulletProofTyres>true</BulletProofTyres>
		<DirtLevel>3.00091457</DirtLevel>
		<PaintFade>0.411764741</PaintFade>
		<RoofState>0</RoofState>
		<SirenActive>false</SirenActive>
		<EngineOn>true</EngineOn>
		<EngineHealth>1000</EngineHealth>
		<LightsOn>false</LightsOn>
		<IsRadioLoud>0</IsRadioLoud>
		<LockStatus>1</LockStatus>
		<Neons>
			<Left>false</Left>
			<Right>false</Right>
			<Front>false</Front>
			<Back>false</Back>
			<R>255</R>
			<G>0</G>
			<B>255</B>
		</Neons>
		<ModExtras />
		<Mods>
			<_0>7,0</_0>
			<_1>2,0</_1>
			<_2>-1,0</_2>
			<_3>1,0</_3>
			<_4>2,0</_4>
			<_5>-1,0</_5>
			<_6>8,0</_6>
			<_7>3,0</_7>
			<_8>-1,0</_8>
			<_9>-1,0</_9>
			<_10>0,0</_10>
			<_11>3,0</_11>
			<_12>2,0</_12>
			<_13>2,0</_13>
			<_14>57,0</_14>
			<_15>3,0</_15>
			<_16>4,0</_16>
			<_17>false</_17>
			<_18>true</_18>
			<_19>false</_19>
			<_20>false</_20>
			<_21>false</_21>
			<_22>true</_22>
			<_23>35,0</_23>
			<_24>-1,0</_24>
			<_25>-1,0</_25>
			<_26>-1,0</_26>
			<_27>-1,0</_27>
			<_28>-1,0</_28>
			<_29>-1,0</_29>
			<_30>-1,0</_30>
			<_31>-1,0</_31>
			<_32>-1,0</_32>
			<_33>-1,0</_33>
			<_34>-1,0</_34>
			<_35>-1,0</_35>
			<_36>-1,0</_36>
			<_37>-1,0</_37>
			<_38>-1,0</_38>
			<_39>-1,0</_39>
			<_40>-1,0</_40>
			<_41>-1,0</_41>
			<_42>-1,0</_42>
			<_43>-1,0</_43>
			<_44>-1,0</_44>
			<_45>-1,0</_45>
			<_46>-1,0</_46>
			<_47>-1,0</_47>
			<_48>-1,0</_48>
		</Mods>
		<DoorsOpen>
			<BackLeftDoor>false</BackLeftDoor>
			<BackRightDoor>false</BackRightDoor>
			<FrontLeftDoor>false</FrontLeftDoor>
			<FrontRightDoor>false</FrontRightDoor>
			<Hood>false</Hood>
			<Trunk>false</Trunk>
			<Trunk2>false</Trunk2>
		</DoorsOpen>
		<DoorsBroken>
			<BackLeftDoor>false</BackLeftDoor>
			<BackRightDoor>false</BackRightDoor>
			<FrontLeftDoor>false</FrontLeftDoor>
			<FrontRightDoor>false</FrontRightDoor>
			<Hood>false</Hood>
			<Trunk>false</Trunk>
			<Trunk2>false</Trunk2>
		</DoorsBroken>
		<TyresBursted>
			<FrontLeft>false</FrontLeft>
			<FrontRight>false</FrontRight>
			<_2>false</_2>
			<_3>false</_3>
			<BackLeft>false</BackLeft>
			<BackRight>false</BackRight>
			<_6>false</_6>
			<_7>false</_7>
			<_8>false</_8>
		</TyresBursted>
	</VehicleProperties>
	<OpacityLevel>255</OpacityLevel>
	<LodDistance>500</LodDistance>
	<IsVisible>true</IsVisible>
	<IsDriverVisible>true</IsDriverVisible>
	<MaxHealth>1000</MaxHealth>
	<Health>1000</Health>
	<HasGravity>true</HasGravity>
	<IsOnFire>false</IsOnFire>
	<IsInvincible>false</IsInvincible>
	<IsBulletProof>false</IsBulletProof>
	<IsExplosionProof>false</IsExplosionProof>
	<IsFireProof>false</IsFireProof>
	<IsMeleeProof>false</IsMeleeProof>
	<IsOnlyDamagedByPlayer>false</IsOnlyDamagedByPlayer>
	<SpoonerAttachments SetAttachmentsPersistentAndAddToSpoonerDatabase="false" StartTaskSequencesOnLoad="true">
		<Attachment>
			<ModelHash>638277127</ModelHash>
			<Type>3</Type>
			<Dynamic>false</Dynamic>
			<FrozenPos>true</FrozenPos>
			<HashName>prop_ld_dstpillar_08</HashName>
			<InitialHandle>83719</InitialHandle>
			<ObjectProperties>
				<TextureVariation>0</TextureVariation>
			</ObjectProperties>
			<OpacityLevel>255</OpacityLevel>
			<LodDistance>16960</LodDistance>
			<IsVisible>true</IsVisible>
			<MaxHealth>1000</MaxHealth>
			<Health>1000</Health>
			<HasGravity>true</HasGravity>
			<IsOnFire>false</IsOnFire>
			<IsInvincible>false</IsInvincible>
			<IsBulletProof>false</IsBulletProof>
			<IsCollisionProof>false</IsCollisionProof>
			<IsExplosionProof>false</IsExplosionProof>
			<IsFireProof>false</IsFireProof>
			<IsMeleeProof>false</IsMeleeProof>
			<IsOnlyDamagedByPlayer>false</IsOnlyDamagedByPlayer>
			<PositionRotation>
				<X>1.200000</X>
				<Y>-1781.83826</Y>
				<Z>19.2171459</Z>
				<Pitch>0.0887022018</Pitch>
				<Roll>-6.80010414</Roll>
				<Yaw>-64.0810394</Yaw>
			</PositionRotation>
			<Attachment isAttached="true">
				<AttachedTo>11524</AttachedTo>
				<BoneIndex>0</BoneIndex>
				<X>-1.200000</X>
				<Y>-0.600000</Y>
				<Z>5.15000</Z>
				<Pitch>0</Pitch>
				<Roll>45.000000</Roll>
				<Yaw>0</Yaw>
			</Attachment>
			</Attachment>
		<Attachment>
			<ModelHash>638277127</ModelHash>
			<Type>3</Type>
			<Dynamic>false</Dynamic>
			<FrozenPos>true</FrozenPos>
			<HashName>prop_ld_dstpillar_08</HashName>
			<InitialHandle>83719</InitialHandle>
			<ObjectProperties>
				<TextureVariation>0</TextureVariation>
			</ObjectProperties>
			<OpacityLevel>255</OpacityLevel>
			<LodDistance>16960</LodDistance>
			<IsVisible>true</IsVisible>
			<MaxHealth>1000</MaxHealth>
			<Health>1000</Health>
			<HasGravity>true</HasGravity>
			<IsOnFire>false</IsOnFire>
			<IsInvincible>false</IsInvincible>
			<IsBulletProof>false</IsBulletProof>
			<IsCollisionProof>false</IsCollisionProof>
			<IsExplosionProof>false</IsExplosionProof>
			<IsFireProof>false</IsFireProof>
			<IsMeleeProof>false</IsMeleeProof>
			<IsOnlyDamagedByPlayer>false</IsOnlyDamagedByPlayer>
			<PositionRotation>
				<X>-899.436279</X>
				<Y>-1781.83826</Y>
				<Z>19.2171459</Z>
				<Pitch>0.0887022018</Pitch>
				<Roll>-6.80010414</Roll>
				<Yaw>-64.0810394</Yaw>
			</PositionRotation>
			<Attachment isAttached="true">
				<AttachedTo>11524</AttachedTo>
				<BoneIndex>0</BoneIndex>
				<X>-1.20000</X>
				<Y>-0.600000</Y>
				<Z>2.800000</Z>
				<Pitch>0</Pitch>
				<Roll>-45.000000</Roll>
				<Yaw>0</Yaw>
			</Attachment>
			</Attachment>
				<Attachment>
			<ModelHash>638277127</ModelHash>
			<Type>3</Type>
			<Dynamic>false</Dynamic>
			<FrozenPos>true</FrozenPos>
			<HashName>prop_ld_dstpillar_08</HashName>
			<InitialHandle>83719</InitialHandle>
			<ObjectProperties>
				<TextureVariation>0</TextureVariation>
			</ObjectProperties>
			<OpacityLevel>255</OpacityLevel>
			<LodDistance>16960</LodDistance>
			<IsVisible>true</IsVisible>
			<MaxHealth>1000</MaxHealth>
			<Health>1000</Health>
			<HasGravity>true</HasGravity>
			<IsOnFire>false</IsOnFire>
			<IsInvincible>false</IsInvincible>
			<IsBulletProof>false</IsBulletProof>
			<IsCollisionProof>false</IsCollisionProof>
			<IsExplosionProof>false</IsExplosionProof>
			<IsFireProof>false</IsFireProof>
			<IsMeleeProof>false</IsMeleeProof>
			<IsOnlyDamagedByPlayer>false</IsOnlyDamagedByPlayer>
			<PositionRotation>
				<X>-899.436279</X>
				<Y>-1781.83826</Y>
				<Z>19.2171459</Z>
				<Pitch>0.0887022018</Pitch>
				<Roll>-6.80010414</Roll>
				<Yaw>-64.0810394</Yaw>
			</PositionRotation>
			<Attachment isAttached="true">
				<AttachedTo>11524</AttachedTo>
				<BoneIndex>0</BoneIndex>
				<X>0.700000</X>
				<Y>-0.600000</Y>
				<Z>6.999996</Z>
				<Pitch>0</Pitch>
				<Roll>45.000000</Roll>
				<Yaw>0</Yaw>
			</Attachment>
			</Attachment>
							<Attachment>
			<ModelHash>638277127</ModelHash>
			<Type>3</Type>
			<Dynamic>false</Dynamic>
			<FrozenPos>true</FrozenPos>
			<HashName>prop_ld_dstpillar_08</HashName>
			<InitialHandle>83719</InitialHandle>
			<ObjectProperties>
				<TextureVariation>0</TextureVariation>
			</ObjectProperties>
			<OpacityLevel>255</OpacityLevel>
			<LodDistance>16960</LodDistance>
			<IsVisible>true</IsVisible>
			<MaxHealth>1000</MaxHealth>
			<Health>1000</Health>
			<HasGravity>true</HasGravity>
			<IsOnFire>false</IsOnFire>
			<IsInvincible>false</IsInvincible>
			<IsBulletProof>false</IsBulletProof>
			<IsCollisionProof>false</IsCollisionProof>
			<IsExplosionProof>false</IsExplosionProof>
			<IsFireProof>false</IsFireProof>
			<IsMeleeProof>false</IsMeleeProof>
			<IsOnlyDamagedByPlayer>false</IsOnlyDamagedByPlayer>
			<PositionRotation>
				<X>-899.436279</X>
				<Y>-1781.83826</Y>
				<Z>19.2171459</Z>
				<Pitch>0.0887022018</Pitch>
				<Roll>-6.80010414</Roll>
				<Yaw>-64.0810394</Yaw>
			</PositionRotation>
			<Attachment isAttached="true">
				<AttachedTo>11524</AttachedTo>
				<BoneIndex>0</BoneIndex>
				<X>-1.400000</X>
				<Y>-0.600000</Y>
				<Z>7.299996</Z>
				<Pitch>0</Pitch>
				<Roll>-45.000000</Roll>
				<Yaw>0</Yaw>
			</Attachment>
			</Attachment>
										<Attachment>
			<ModelHash>638277127</ModelHash>
			<Type>3</Type>
			<Dynamic>false</Dynamic>
			<FrozenPos>true</FrozenPos>
			<HashName>prop_ld_dstpillar_08</HashName>
			<InitialHandle>83719</InitialHandle>
			<ObjectProperties>
				<TextureVariation>0</TextureVariation>
			</ObjectProperties>
			<OpacityLevel>255</OpacityLevel>
			<LodDistance>16960</LodDistance>
			<IsVisible>true</IsVisible>
			<MaxHealth>1000</MaxHealth>
			<Health>1000</Health>
			<HasGravity>true</HasGravity>
			<IsOnFire>false</IsOnFire>
			<IsInvincible>false</IsInvincible>
			<IsBulletProof>false</IsBulletProof>
			<IsCollisionProof>false</IsCollisionProof>
			<IsExplosionProof>false</IsExplosionProof>
			<IsFireProof>false</IsFireProof>
			<IsMeleeProof>false</IsMeleeProof>
			<IsOnlyDamagedByPlayer>false</IsOnlyDamagedByPlayer>
			<PositionRotation>
				<X>-899.436279</X>
				<Y>-1781.83826</Y>
				<Z>19.2171459</Z>
				<Pitch>0.0887022018</Pitch>
				<Roll>-6.80010414</Roll>
				<Yaw>-64.0810394</Yaw>
			</PositionRotation>
			<Attachment isAttached="true">
				<AttachedTo>11524</AttachedTo>
				<BoneIndex>0</BoneIndex>
				<X>1.000000</X>
				<Y>-0.600000</Y>
				<Z>4.999998</Z>
				<Pitch>0</Pitch>
				<Roll>-45.000000</Roll>
				<Yaw>0</Yaw>
			</Attachment>
			</Attachment>
										<Attachment>
			<ModelHash>638277127</ModelHash>
			<Type>3</Type>
			<Dynamic>false</Dynamic>
			<FrozenPos>true</FrozenPos>
			<HashName>prop_ld_dstpillar_08</HashName>
			<InitialHandle>83719</InitialHandle>
			<ObjectProperties>
				<TextureVariation>0</TextureVariation>
			</ObjectProperties>
			<OpacityLevel>255</OpacityLevel>
			<LodDistance>16960</LodDistance>
			<IsVisible>true</IsVisible>
			<MaxHealth>1000</MaxHealth>
			<Health>1000</Health>
			<HasGravity>true</HasGravity>
			<IsOnFire>false</IsOnFire>
			<IsInvincible>false</IsInvincible>
			<IsBulletProof>false</IsBulletProof>
			<IsCollisionProof>false</IsCollisionProof>
			<IsExplosionProof>false</IsExplosionProof>
			<IsFireProof>false</IsFireProof>
			<IsMeleeProof>false</IsMeleeProof>
			<IsOnlyDamagedByPlayer>false</IsOnlyDamagedByPlayer>
			<PositionRotation>
				<X>-899.436279</X>
				<Y>-1781.83826</Y>
				<Z>19.2171459</Z>
				<Pitch>0.0887022018</Pitch>
				<Roll>-6.80010414</Roll>
				<Yaw>-64.0810394</Yaw>
			</PositionRotation>
			<Attachment isAttached="true">
				<AttachedTo>11524</AttachedTo>
				<BoneIndex>0</BoneIndex>
				<X>3.299999</X>
				<Y>-0.600000</Y>
				<Z>4.999998</Z>
				<Pitch>0</Pitch>
				<Roll>45.000000</Roll>
				<Yaw>0</Yaw>
			</Attachment>
			</Attachment>
										<Attachment>
			<ModelHash>638277127</ModelHash>
			<Type>3</Type>
			<Dynamic>false</Dynamic>
			<FrozenPos>true</FrozenPos>
			<HashName>prop_ld_dstpillar_08</HashName>
			<InitialHandle>83719</InitialHandle>
			<ObjectProperties>
				<TextureVariation>0</TextureVariation>
			</ObjectProperties>
			<OpacityLevel>255</OpacityLevel>
			<LodDistance>16960</LodDistance>
			<IsVisible>true</IsVisible>
			<MaxHealth>1000</MaxHealth>
			<Health>1000</Health>
			<HasGravity>true</HasGravity>
			<IsOnFire>false</IsOnFire>
			<IsInvincible>false</IsInvincible>
			<IsBulletProof>false</IsBulletProof>
			<IsCollisionProof>false</IsCollisionProof>
			<IsExplosionProof>false</IsExplosionProof>
			<IsFireProof>false</IsFireProof>
			<IsMeleeProof>false</IsMeleeProof>
			<IsOnlyDamagedByPlayer>false</IsOnlyDamagedByPlayer>
			<PositionRotation>
				<X>-899.436279</X>
				<Y>-1781.83826</Y>
				<Z>19.2171459</Z>
				<Pitch>0.0887022018</Pitch>
				<Roll>-6.80010414</Roll>
				<Yaw>-64.0810394</Yaw>
			</PositionRotation>
			<Attachment isAttached="true">
				<AttachedTo>11524</AttachedTo>
				<BoneIndex>0</BoneIndex>
				<X>0.900000</X>
				<Y>-0.600000</Y>
				<Z>9.500000</Z>
				<Pitch>0</Pitch>
				<Roll>-45.000000</Roll>
				<Yaw>0</Yaw>
			</Attachment>
			</Attachment>
										<Attachment>
			<ModelHash>638277127</ModelHash>
			<Type>3</Type>
			<Dynamic>false</Dynamic>
			<FrozenPos>true</FrozenPos>
			<HashName>prop_ld_dstpillar_08</HashName>
			<InitialHandle>83719</InitialHandle>
			<ObjectProperties>
				<TextureVariation>0</TextureVariation>
			</ObjectProperties>
			<OpacityLevel>255</OpacityLevel>
			<LodDistance>16960</LodDistance>
			<IsVisible>true</IsVisible>
			<MaxHealth>1000</MaxHealth>
			<Health>1000</Health>
			<HasGravity>true</HasGravity>
			<IsOnFire>false</IsOnFire>
			<IsInvincible>false</IsInvincible>
			<IsBulletProof>false</IsBulletProof>
			<IsCollisionProof>false</IsCollisionProof>
			<IsExplosionProof>false</IsExplosionProof>
			<IsFireProof>false</IsFireProof>
			<IsMeleeProof>false</IsMeleeProof>
			<IsOnlyDamagedByPlayer>false</IsOnlyDamagedByPlayer>
			<PositionRotation>
				<X>-899.436279</X>
				<Y>-1781.83826</Y>
				<Z>19.2171459</Z>
				<Pitch>0.0887022018</Pitch>
				<Roll>-6.80010414</Roll>
				<Yaw>-64.0810394</Yaw>
			</PositionRotation>
			<Attachment isAttached="true">
				<AttachedTo>11524</AttachedTo>
				<BoneIndex>0</BoneIndex>
				<X>-3.799999</X>
				<Y>-0.600000</Y>
				<Z>7.199996</Z>
				<Pitch>0</Pitch>
				<Roll>45.000000</Roll>
				<Yaw>0</Yaw>
			</Attachment>
			</Attachment>
	</SpoonerAttachments>
</Vehicle>
